targetname,onlytargetmbon,with1MBONxx,with2ormoreMBONxx,overallsynapticsites
MBON-M6,0.7877986061938658,0.1963999552789475,0.0158014385271866,1.0
MBON-M4,0.7501481042654028,0.2316350710900473,0.0182168246445497,1.0
MBON-α′3,0.5748407643312102,0.4109872611464968,0.0141719745222929,1.0
MBON-M6,0.7877986061938658,0.19639995527894757,0.015801438527186674,1.0
MBON-M4,0.7501481042654028,0.23163507109004738,0.018216824644549764,1.0
MBON-α′3,0.5748407643312102,0.4109872611464968,0.014171974522292994,1.0
