targetname,onlytargetmbon,with1MBONxx,with2ormoreMBONxx,overallsynapticsites
MBON-M6,0.7878223282158295,0.19637799970189299,0.015799672082277536,1.0
MBON-M4,0.7502034776174621,0.23159452460229374,0.018201997780244172,1.0
MBON-α′3,0.575333757151939,0.4105212968849333,0.014144945963127781,1.0
