targetname,onlytargetmbon,with1MBONxx,with2ormoreMBONxx,overallsynapticsites
MBON-M6,0.7877986061938658,0.19639995527894757,0.015801438527186674,1.0
MBON-M4,0.7501481042654028,0.23163507109004738,0.018216824644549764,1.0
MBON-α′3,0.5748407643312102,0.4109872611464968,0.014171974522292994,1.0
